line_id,period,period_type,statement,line_item,value_usd_m,classification,source_document,accession_no,source_url,label_as_printed,note
net_sales,FY2026,Fiscal year,Income statement,Net sales,4713.1,Reported public data,"Form 10-K FY2026 (period ended 2026-03-31), filed 2026-05-21",0000827054-26-000016,https://www.sec.gov/Archives/edgar/data/827054/000082705426000016/R5.htm,Net sales,
net_sales,FY2025,Fiscal year,Income statement,Net sales,4401.6,Reported public data,"Form 10-K FY2026 (period ended 2026-03-31), filed 2026-05-21",0000827054-26-000016,https://www.sec.gov/Archives/edgar/data/827054/000082705426000016/R5.htm,Net sales,
net_sales,FY2024,Fiscal year,Income statement,Net sales,7634.4,Reported public data,"Form 10-K FY2026 (period ended 2026-03-31), filed 2026-05-21",0000827054-26-000016,https://www.sec.gov/Archives/edgar/data/827054/000082705426000016/R5.htm,Net sales,
cost_of_sales,FY2026,Fiscal year,Income statement,Cost of sales,1992.0,Reported public data,"Form 10-K FY2026 (period ended 2026-03-31), filed 2026-05-21",0000827054-26-000016,https://www.sec.gov/Archives/edgar/data/827054/000082705426000016/R5.htm,Cost of sales,
cost_of_sales,FY2025,Fiscal year,Income statement,Cost of sales,1933.7,Reported public data,"Form 10-K FY2026 (period ended 2026-03-31), filed 2026-05-21",0000827054-26-000016,https://www.sec.gov/Archives/edgar/data/827054/000082705426000016/R5.htm,Cost of sales,
cost_of_sales,FY2024,Fiscal year,Income statement,Cost of sales,2638.7,Reported public data,"Form 10-K FY2026 (period ended 2026-03-31), filed 2026-05-21",0000827054-26-000016,https://www.sec.gov/Archives/edgar/data/827054/000082705426000016/R5.htm,Cost of sales,
gross_profit,FY2026,Fiscal year,Income statement,Gross profit,2721.1,Reported public data,"Form 10-K FY2026 (period ended 2026-03-31), filed 2026-05-21",0000827054-26-000016,https://www.sec.gov/Archives/edgar/data/827054/000082705426000016/R5.htm,Gross profit,
gross_profit,FY2025,Fiscal year,Income statement,Gross profit,2467.9,Reported public data,"Form 10-K FY2026 (period ended 2026-03-31), filed 2026-05-21",0000827054-26-000016,https://www.sec.gov/Archives/edgar/data/827054/000082705426000016/R5.htm,Gross profit,
gross_profit,FY2024,Fiscal year,Income statement,Gross profit,4995.7,Reported public data,"Form 10-K FY2026 (period ended 2026-03-31), filed 2026-05-21",0000827054-26-000016,https://www.sec.gov/Archives/edgar/data/827054/000082705426000016/R5.htm,Gross profit,
rd,FY2026,Fiscal year,Income statement,Research and development,1085.9,Reported public data,"Form 10-K FY2026 (period ended 2026-03-31), filed 2026-05-21",0000827054-26-000016,https://www.sec.gov/Archives/edgar/data/827054/000082705426000016/R5.htm,Research and development,
rd,FY2025,Fiscal year,Income statement,Research and development,983.8,Reported public data,"Form 10-K FY2026 (period ended 2026-03-31), filed 2026-05-21",0000827054-26-000016,https://www.sec.gov/Archives/edgar/data/827054/000082705426000016/R5.htm,Research and development,
rd,FY2024,Fiscal year,Income statement,Research and development,1097.4,Reported public data,"Form 10-K FY2026 (period ended 2026-03-31), filed 2026-05-21",0000827054-26-000016,https://www.sec.gov/Archives/edgar/data/827054/000082705426000016/R5.htm,Research and development,
sga,FY2026,Fiscal year,Income statement,"Selling, general and administrative",674.3,Reported public data,"Form 10-K FY2026 (period ended 2026-03-31), filed 2026-05-21",0000827054-26-000016,https://www.sec.gov/Archives/edgar/data/827054/000082705426000016/R5.htm,"Selling, general and administrative",
sga,FY2025,Fiscal year,Income statement,"Selling, general and administrative",617.7,Reported public data,"Form 10-K FY2026 (period ended 2026-03-31), filed 2026-05-21",0000827054-26-000016,https://www.sec.gov/Archives/edgar/data/827054/000082705426000016/R5.htm,"Selling, general and administrative",
sga,FY2024,Fiscal year,Income statement,"Selling, general and administrative",734.2,Reported public data,"Form 10-K FY2026 (period ended 2026-03-31), filed 2026-05-21",0000827054-26-000016,https://www.sec.gov/Archives/edgar/data/827054/000082705426000016/R5.htm,"Selling, general and administrative",
other_opex:amortization,FY2026,Fiscal year,Income statement,Amortization of acquired intangible assets,431.1,Reported public data,"Form 10-K FY2026 (period ended 2026-03-31), filed 2026-05-21",0000827054-26-000016,https://www.sec.gov/Archives/edgar/data/827054/000082705426000016/R5.htm,Amortization of acquired intangible assets,
other_opex:amortization,FY2025,Fiscal year,Income statement,Amortization of acquired intangible assets,490.9,Reported public data,"Form 10-K FY2026 (period ended 2026-03-31), filed 2026-05-21",0000827054-26-000016,https://www.sec.gov/Archives/edgar/data/827054/000082705426000016/R5.htm,Amortization of acquired intangible assets,
other_opex:amortization,FY2024,Fiscal year,Income statement,Amortization of acquired intangible assets,605.4,Reported public data,"Form 10-K FY2026 (period ended 2026-03-31), filed 2026-05-21",0000827054-26-000016,https://www.sec.gov/Archives/edgar/data/827054/000082705426000016/R5.htm,Amortization of acquired intangible assets,
other_opex:special,FY2026,Fiscal year,Income statement,"Special charges (income) and other, net",39.7,Reported public data,"Form 10-K FY2026 (period ended 2026-03-31), filed 2026-05-21",0000827054-26-000016,https://www.sec.gov/Archives/edgar/data/827054/000082705426000016/R5.htm,"Special charges (income) and other, net",
other_opex:special,FY2025,Fiscal year,Income statement,"Special charges (income) and other, net",79.2,Reported public data,"Form 10-K FY2026 (period ended 2026-03-31), filed 2026-05-21",0000827054-26-000016,https://www.sec.gov/Archives/edgar/data/827054/000082705426000016/R5.htm,"Special charges (income) and other, net",
other_opex:special,FY2024,Fiscal year,Income statement,"Special charges (income) and other, net",-12.3,Reported public data,"Form 10-K FY2026 (period ended 2026-03-31), filed 2026-05-21",0000827054-26-000016,https://www.sec.gov/Archives/edgar/data/827054/000082705426000016/R5.htm,"Special charges (income) and other, net",
total_opex,FY2026,Fiscal year,Income statement,Operating expenses,2231.0,Reported public data,"Form 10-K FY2026 (period ended 2026-03-31), filed 2026-05-21",0000827054-26-000016,https://www.sec.gov/Archives/edgar/data/827054/000082705426000016/R5.htm,Operating expenses,
total_opex,FY2025,Fiscal year,Income statement,Operating expenses,2171.6,Reported public data,"Form 10-K FY2026 (period ended 2026-03-31), filed 2026-05-21",0000827054-26-000016,https://www.sec.gov/Archives/edgar/data/827054/000082705426000016/R5.htm,Operating expenses,
total_opex,FY2024,Fiscal year,Income statement,Operating expenses,2424.7,Reported public data,"Form 10-K FY2026 (period ended 2026-03-31), filed 2026-05-21",0000827054-26-000016,https://www.sec.gov/Archives/edgar/data/827054/000082705426000016/R5.htm,Operating expenses,
operating_income,FY2026,Fiscal year,Income statement,Operating income,490.1,Reported public data,"Form 10-K FY2026 (period ended 2026-03-31), filed 2026-05-21",0000827054-26-000016,https://www.sec.gov/Archives/edgar/data/827054/000082705426000016/R5.htm,Operating income,
operating_income,FY2025,Fiscal year,Income statement,Operating income,296.3,Reported public data,"Form 10-K FY2026 (period ended 2026-03-31), filed 2026-05-21",0000827054-26-000016,https://www.sec.gov/Archives/edgar/data/827054/000082705426000016/R5.htm,Operating income,
operating_income,FY2024,Fiscal year,Income statement,Operating income,2571.0,Reported public data,"Form 10-K FY2026 (period ended 2026-03-31), filed 2026-05-21",0000827054-26-000016,https://www.sec.gov/Archives/edgar/data/827054/000082705426000016/R5.htm,Operating income,
nonop:interest_income,FY2026,Fiscal year,Income statement,Interest income,11.4,Reported public data,"Form 10-K FY2026 (period ended 2026-03-31), filed 2026-05-21",0000827054-26-000016,https://www.sec.gov/Archives/edgar/data/827054/000082705426000016/R5.htm,Interest income,
nonop:interest_income,FY2025,Fiscal year,Income statement,Interest income,9.2,Reported public data,"Form 10-K FY2026 (period ended 2026-03-31), filed 2026-05-21",0000827054-26-000016,https://www.sec.gov/Archives/edgar/data/827054/000082705426000016/R5.htm,Interest income,
nonop:interest_income,FY2024,Fiscal year,Income statement,Interest income,7.6,Reported public data,"Form 10-K FY2026 (period ended 2026-03-31), filed 2026-05-21",0000827054-26-000016,https://www.sec.gov/Archives/edgar/data/827054/000082705426000016/R5.htm,Interest income,
nonop:interest_expense,FY2026,Fiscal year,Income statement,Interest expense,-221.3,Reported public data,"Form 10-K FY2026 (period ended 2026-03-31), filed 2026-05-21",0000827054-26-000016,https://www.sec.gov/Archives/edgar/data/827054/000082705426000016/R5.htm,Interest expense,
nonop:interest_expense,FY2025,Fiscal year,Income statement,Interest expense,-259.2,Reported public data,"Form 10-K FY2026 (period ended 2026-03-31), filed 2026-05-21",0000827054-26-000016,https://www.sec.gov/Archives/edgar/data/827054/000082705426000016/R5.htm,Interest expense,
nonop:interest_expense,FY2024,Fiscal year,Income statement,Interest expense,-198.3,Reported public data,"Form 10-K FY2026 (period ended 2026-03-31), filed 2026-05-21",0000827054-26-000016,https://www.sec.gov/Archives/edgar/data/827054/000082705426000016/R5.htm,Interest expense,
nonop:loss_on_debt,FY2026,Fiscal year,Income statement,Loss on settlement of debt,0.0,Reported public data,"Form 10-K FY2026 (period ended 2026-03-31), filed 2026-05-21",0000827054-26-000016,https://www.sec.gov/Archives/edgar/data/827054/000082705426000016/R5.htm,Loss on settlement of debt,
nonop:loss_on_debt,FY2025,Fiscal year,Income statement,Loss on settlement of debt,-1.7,Reported public data,"Form 10-K FY2026 (period ended 2026-03-31), filed 2026-05-21",0000827054-26-000016,https://www.sec.gov/Archives/edgar/data/827054/000082705426000016/R5.htm,Loss on settlement of debt,
nonop:loss_on_debt,FY2024,Fiscal year,Income statement,Loss on settlement of debt,-12.2,Reported public data,"Form 10-K FY2026 (period ended 2026-03-31), filed 2026-05-21",0000827054-26-000016,https://www.sec.gov/Archives/edgar/data/827054/000082705426000016/R5.htm,Loss on settlement of debt,
nonop:other,FY2026,Fiscal year,Income statement,"Other income (loss), net",-6.7,Reported public data,"Form 10-K FY2026 (period ended 2026-03-31), filed 2026-05-21",0000827054-26-000016,https://www.sec.gov/Archives/edgar/data/827054/000082705426000016/R5.htm,"Other income (loss), net",
nonop:other,FY2025,Fiscal year,Income statement,"Other income (loss), net",-5.7,Reported public data,"Form 10-K FY2026 (period ended 2026-03-31), filed 2026-05-21",0000827054-26-000016,https://www.sec.gov/Archives/edgar/data/827054/000082705426000016/R5.htm,"Other income (loss), net",
nonop:other,FY2024,Fiscal year,Income statement,"Other income (loss), net",-2.2,Reported public data,"Form 10-K FY2026 (period ended 2026-03-31), filed 2026-05-21",0000827054-26-000016,https://www.sec.gov/Archives/edgar/data/827054/000082705426000016/R5.htm,"Other income (loss), net",
pretax_income,FY2026,Fiscal year,Income statement,Income before income taxes,273.5,Reported public data,"Form 10-K FY2026 (period ended 2026-03-31), filed 2026-05-21",0000827054-26-000016,https://www.sec.gov/Archives/edgar/data/827054/000082705426000016/R5.htm,Income before income taxes,
pretax_income,FY2025,Fiscal year,Income statement,Income before income taxes,38.9,Reported public data,"Form 10-K FY2026 (period ended 2026-03-31), filed 2026-05-21",0000827054-26-000016,https://www.sec.gov/Archives/edgar/data/827054/000082705426000016/R5.htm,Income before income taxes,
pretax_income,FY2024,Fiscal year,Income statement,Income before income taxes,2365.9,Reported public data,"Form 10-K FY2026 (period ended 2026-03-31), filed 2026-05-21",0000827054-26-000016,https://www.sec.gov/Archives/edgar/data/827054/000082705426000016/R5.htm,Income before income taxes,
income_tax,FY2026,Fiscal year,Income statement,Income tax provision,43.5,Reported public data,"Form 10-K FY2026 (period ended 2026-03-31), filed 2026-05-21",0000827054-26-000016,https://www.sec.gov/Archives/edgar/data/827054/000082705426000016/R5.htm,Income tax provision,
income_tax,FY2025,Fiscal year,Income statement,Income tax provision,39.4,Reported public data,"Form 10-K FY2026 (period ended 2026-03-31), filed 2026-05-21",0000827054-26-000016,https://www.sec.gov/Archives/edgar/data/827054/000082705426000016/R5.htm,Income tax provision,
income_tax,FY2024,Fiscal year,Income statement,Income tax provision,459.0,Reported public data,"Form 10-K FY2026 (period ended 2026-03-31), filed 2026-05-21",0000827054-26-000016,https://www.sec.gov/Archives/edgar/data/827054/000082705426000016/R5.htm,Income tax provision,
net_income,FY2026,Fiscal year,Income statement,Net income (loss),230.0,Reported public data,"Form 10-K FY2026 (period ended 2026-03-31), filed 2026-05-21",0000827054-26-000016,https://www.sec.gov/Archives/edgar/data/827054/000082705426000016/R5.htm,Net income (loss),
net_income,FY2025,Fiscal year,Income statement,Net income (loss),-0.5,Reported public data,"Form 10-K FY2026 (period ended 2026-03-31), filed 2026-05-21",0000827054-26-000016,https://www.sec.gov/Archives/edgar/data/827054/000082705426000016/R5.htm,Net income (loss),
net_income,FY2024,Fiscal year,Income statement,Net income (loss),1906.9,Reported public data,"Form 10-K FY2026 (period ended 2026-03-31), filed 2026-05-21",0000827054-26-000016,https://www.sec.gov/Archives/edgar/data/827054/000082705426000016/R5.htm,Net income (loss),
memo:preferred_dividends,FY2026,Fiscal year,Income statement,Dividends on Series A Preferred Stock,-111.2,Reported public data,"Form 10-K FY2026 (period ended 2026-03-31), filed 2026-05-21",0000827054-26-000016,https://www.sec.gov/Archives/edgar/data/827054/000082705426000016/R5.htm,Dividends on Series A Preferred Stock,
memo:preferred_dividends,FY2025,Fiscal year,Income statement,Dividends on Series A Preferred Stock,-2.2,Reported public data,"Form 10-K FY2026 (period ended 2026-03-31), filed 2026-05-21",0000827054-26-000016,https://www.sec.gov/Archives/edgar/data/827054/000082705426000016/R5.htm,Dividends on Series A Preferred Stock,
memo:preferred_dividends,FY2024,Fiscal year,Income statement,Dividends on Series A Preferred Stock,0.0,Reported public data,"Form 10-K FY2026 (period ended 2026-03-31), filed 2026-05-21",0000827054-26-000016,https://www.sec.gov/Archives/edgar/data/827054/000082705426000016/R5.htm,Dividends on Series A Preferred Stock,
memo:net_income_common,FY2026,Fiscal year,Income statement,Net income (loss) attributable to common stockholders,118.8,Reported public data,"Form 10-K FY2026 (period ended 2026-03-31), filed 2026-05-21",0000827054-26-000016,https://www.sec.gov/Archives/edgar/data/827054/000082705426000016/R5.htm,Net income (loss) attributable to common stockholders,
memo:net_income_common,FY2025,Fiscal year,Income statement,Net income (loss) attributable to common stockholders,-2.7,Reported public data,"Form 10-K FY2026 (period ended 2026-03-31), filed 2026-05-21",0000827054-26-000016,https://www.sec.gov/Archives/edgar/data/827054/000082705426000016/R5.htm,Net income (loss) attributable to common stockholders,
memo:net_income_common,FY2024,Fiscal year,Income statement,Net income (loss) attributable to common stockholders,1906.9,Reported public data,"Form 10-K FY2026 (period ended 2026-03-31), filed 2026-05-21",0000827054-26-000016,https://www.sec.gov/Archives/edgar/data/827054/000082705426000016/R5.htm,Net income (loss) attributable to common stockholders,
net_sales,FY2023,Fiscal year,Income statement,Net sales,8438.7,Reported public data,"Form 10-K FY2024 (period ended 2024-03-31), filed 2024-05-23",0000827054-24-000098,https://www.sec.gov/Archives/edgar/data/827054/000082705424000098/R5.htm,Net sales,
net_sales,FY2022,Fiscal year,Income statement,Net sales,6820.9,Reported public data,"Form 10-K FY2024 (period ended 2024-03-31), filed 2024-05-23",0000827054-24-000098,https://www.sec.gov/Archives/edgar/data/827054/000082705424000098/R5.htm,Net sales,
cost_of_sales,FY2023,Fiscal year,Income statement,Cost of sales,2740.8,Reported public data,"Form 10-K FY2024 (period ended 2024-03-31), filed 2024-05-23",0000827054-24-000098,https://www.sec.gov/Archives/edgar/data/827054/000082705424000098/R5.htm,Cost of sales,
cost_of_sales,FY2022,Fiscal year,Income statement,Cost of sales,2371.3,Reported public data,"Form 10-K FY2024 (period ended 2024-03-31), filed 2024-05-23",0000827054-24-000098,https://www.sec.gov/Archives/edgar/data/827054/000082705424000098/R5.htm,Cost of sales,
gross_profit,FY2023,Fiscal year,Income statement,Gross profit,5697.9,Reported public data,"Form 10-K FY2024 (period ended 2024-03-31), filed 2024-05-23",0000827054-24-000098,https://www.sec.gov/Archives/edgar/data/827054/000082705424000098/R5.htm,Gross profit,
gross_profit,FY2022,Fiscal year,Income statement,Gross profit,4449.6,Reported public data,"Form 10-K FY2024 (period ended 2024-03-31), filed 2024-05-23",0000827054-24-000098,https://www.sec.gov/Archives/edgar/data/827054/000082705424000098/R5.htm,Gross profit,
rd,FY2023,Fiscal year,Income statement,Research and development,1118.3,Reported public data,"Form 10-K FY2024 (period ended 2024-03-31), filed 2024-05-23",0000827054-24-000098,https://www.sec.gov/Archives/edgar/data/827054/000082705424000098/R5.htm,Research and development,
rd,FY2022,Fiscal year,Income statement,Research and development,989.1,Reported public data,"Form 10-K FY2024 (period ended 2024-03-31), filed 2024-05-23",0000827054-24-000098,https://www.sec.gov/Archives/edgar/data/827054/000082705424000098/R5.htm,Research and development,
sga,FY2023,Fiscal year,Income statement,"Selling, general and administrative",797.7,Reported public data,"Form 10-K FY2024 (period ended 2024-03-31), filed 2024-05-23",0000827054-24-000098,https://www.sec.gov/Archives/edgar/data/827054/000082705424000098/R5.htm,"Selling, general and administrative",
sga,FY2022,Fiscal year,Income statement,"Selling, general and administrative",718.9,Reported public data,"Form 10-K FY2024 (period ended 2024-03-31), filed 2024-05-23",0000827054-24-000098,https://www.sec.gov/Archives/edgar/data/827054/000082705424000098/R5.htm,"Selling, general and administrative",
other_opex:amortization,FY2023,Fiscal year,Income statement,Amortization of acquired intangible assets,669.9,Reported public data,"Form 10-K FY2024 (period ended 2024-03-31), filed 2024-05-23",0000827054-24-000098,https://www.sec.gov/Archives/edgar/data/827054/000082705424000098/R5.htm,Amortization of acquired intangible assets,
other_opex:amortization,FY2022,Fiscal year,Income statement,Amortization of acquired intangible assets,862.5,Reported public data,"Form 10-K FY2024 (period ended 2024-03-31), filed 2024-05-23",0000827054-24-000098,https://www.sec.gov/Archives/edgar/data/827054/000082705424000098/R5.htm,Amortization of acquired intangible assets,
other_opex:special,FY2023,Fiscal year,Income statement,"Special charges (income) and other, net",-4.0,Reported public data,"Form 10-K FY2024 (period ended 2024-03-31), filed 2024-05-23",0000827054-24-000098,https://www.sec.gov/Archives/edgar/data/827054/000082705424000098/R5.htm,"Special charges (income) and other, net",
other_opex:special,FY2022,Fiscal year,Income statement,"Special charges (income) and other, net",29.5,Reported public data,"Form 10-K FY2024 (period ended 2024-03-31), filed 2024-05-23",0000827054-24-000098,https://www.sec.gov/Archives/edgar/data/827054/000082705424000098/R5.htm,"Special charges (income) and other, net",
total_opex,FY2023,Fiscal year,Income statement,Operating expenses,2581.9,Reported public data,"Form 10-K FY2024 (period ended 2024-03-31), filed 2024-05-23",0000827054-24-000098,https://www.sec.gov/Archives/edgar/data/827054/000082705424000098/R5.htm,Operating expenses,
total_opex,FY2022,Fiscal year,Income statement,Operating expenses,2600.0,Reported public data,"Form 10-K FY2024 (period ended 2024-03-31), filed 2024-05-23",0000827054-24-000098,https://www.sec.gov/Archives/edgar/data/827054/000082705424000098/R5.htm,Operating expenses,
operating_income,FY2023,Fiscal year,Income statement,Operating income,3116.0,Reported public data,"Form 10-K FY2024 (period ended 2024-03-31), filed 2024-05-23",0000827054-24-000098,https://www.sec.gov/Archives/edgar/data/827054/000082705424000098/R5.htm,Operating income,
operating_income,FY2022,Fiscal year,Income statement,Operating income,1849.6,Reported public data,"Form 10-K FY2024 (period ended 2024-03-31), filed 2024-05-23",0000827054-24-000098,https://www.sec.gov/Archives/edgar/data/827054/000082705424000098/R5.htm,Operating income,
nonop:interest_income,FY2023,Fiscal year,Income statement,Interest income,2.1,Reported public data,"Form 10-K FY2024 (period ended 2024-03-31), filed 2024-05-23",0000827054-24-000098,https://www.sec.gov/Archives/edgar/data/827054/000082705424000098/R5.htm,Interest income,
nonop:interest_income,FY2022,Fiscal year,Income statement,Interest income,0.5,Reported public data,"Form 10-K FY2024 (period ended 2024-03-31), filed 2024-05-23",0000827054-24-000098,https://www.sec.gov/Archives/edgar/data/827054/000082705424000098/R5.htm,Interest income,
nonop:interest_expense,FY2023,Fiscal year,Income statement,Interest expense,-203.9,Reported public data,"Form 10-K FY2024 (period ended 2024-03-31), filed 2024-05-23",0000827054-24-000098,https://www.sec.gov/Archives/edgar/data/827054/000082705424000098/R5.htm,Interest expense,
nonop:interest_expense,FY2022,Fiscal year,Income statement,Interest expense,-257.0,Reported public data,"Form 10-K FY2024 (period ended 2024-03-31), filed 2024-05-23",0000827054-24-000098,https://www.sec.gov/Archives/edgar/data/827054/000082705424000098/R5.htm,Interest expense,
nonop:loss_on_debt,FY2023,Fiscal year,Income statement,Loss on settlement of debt,-8.3,Reported public data,"Form 10-K FY2024 (period ended 2024-03-31), filed 2024-05-23",0000827054-24-000098,https://www.sec.gov/Archives/edgar/data/827054/000082705424000098/R5.htm,Loss on settlement of debt,
nonop:loss_on_debt,FY2022,Fiscal year,Income statement,Loss on settlement of debt,-113.4,Reported public data,"Form 10-K FY2024 (period ended 2024-03-31), filed 2024-05-23",0000827054-24-000098,https://www.sec.gov/Archives/edgar/data/827054/000082705424000098/R5.htm,Loss on settlement of debt,
nonop:other,FY2023,Fiscal year,Income statement,"Other income (loss), net",3.8,Reported public data,"Form 10-K FY2024 (period ended 2024-03-31), filed 2024-05-23",0000827054-24-000098,https://www.sec.gov/Archives/edgar/data/827054/000082705424000098/R5.htm,"Other income (loss), net",
nonop:other,FY2022,Fiscal year,Income statement,"Other income (loss), net",2.8,Reported public data,"Form 10-K FY2024 (period ended 2024-03-31), filed 2024-05-23",0000827054-24-000098,https://www.sec.gov/Archives/edgar/data/827054/000082705424000098/R5.htm,"Other income (loss), net",
pretax_income,FY2023,Fiscal year,Income statement,Income before income taxes,2909.7,Reported public data,"Form 10-K FY2024 (period ended 2024-03-31), filed 2024-05-23",0000827054-24-000098,https://www.sec.gov/Archives/edgar/data/827054/000082705424000098/R5.htm,Income before income taxes,
pretax_income,FY2022,Fiscal year,Income statement,Income before income taxes,1482.5,Reported public data,"Form 10-K FY2024 (period ended 2024-03-31), filed 2024-05-23",0000827054-24-000098,https://www.sec.gov/Archives/edgar/data/827054/000082705424000098/R5.htm,Income before income taxes,
income_tax,FY2023,Fiscal year,Income statement,Income tax provision,672.0,Reported public data,"Form 10-K FY2024 (period ended 2024-03-31), filed 2024-05-23",0000827054-24-000098,https://www.sec.gov/Archives/edgar/data/827054/000082705424000098/R5.htm,Income tax provision,
income_tax,FY2022,Fiscal year,Income statement,Income tax provision,197.0,Reported public data,"Form 10-K FY2024 (period ended 2024-03-31), filed 2024-05-23",0000827054-24-000098,https://www.sec.gov/Archives/edgar/data/827054/000082705424000098/R5.htm,Income tax provision,
net_income,FY2023,Fiscal year,Income statement,Net income (loss),2237.7,Reported public data,"Form 10-K FY2024 (period ended 2024-03-31), filed 2024-05-23",0000827054-24-000098,https://www.sec.gov/Archives/edgar/data/827054/000082705424000098/R5.htm,Net income (loss),
net_income,FY2022,Fiscal year,Income statement,Net income (loss),1285.5,Reported public data,"Form 10-K FY2024 (period ended 2024-03-31), filed 2024-05-23",0000827054-24-000098,https://www.sec.gov/Archives/edgar/data/827054/000082705424000098/R5.htm,Net income (loss),
segment:mixed_signal_microcontrollers,FY2026,Fiscal year,Net sales by product line,Mixed-signal Microcontrollers,2355.4,Reported public data,"Form 10-K FY2026 (period ended 2026-03-31), filed 2026-05-21",0000827054-26-000016,https://www.sec.gov/Archives/edgar/data/827054/000082705426000016/R43.htm,Mixed-signal Microcontrollers,"Other = FPGA, licensing royalties/IP, engineering services, memory, timing systems, manufacturing services, legacy ASICs, aerospace (10-K Item 1 description)"
segment:mixed_signal_microcontrollers,FY2025,Fiscal year,Net sales by product line,Mixed-signal Microcontrollers,2249.7,Reported public data,"Form 10-K FY2026 (period ended 2026-03-31), filed 2026-05-21",0000827054-26-000016,https://www.sec.gov/Archives/edgar/data/827054/000082705426000016/R43.htm,Mixed-signal Microcontrollers,"Other = FPGA, licensing royalties/IP, engineering services, memory, timing systems, manufacturing services, legacy ASICs, aerospace (10-K Item 1 description)"
segment:mixed_signal_microcontrollers,FY2024,Fiscal year,Net sales by product line,Mixed-signal Microcontrollers,4272.4,Reported public data,"Form 10-K FY2026 (period ended 2026-03-31), filed 2026-05-21",0000827054-26-000016,https://www.sec.gov/Archives/edgar/data/827054/000082705426000016/R43.htm,Mixed-signal Microcontrollers,"Other = FPGA, licensing royalties/IP, engineering services, memory, timing systems, manufacturing services, legacy ASICs, aerospace (10-K Item 1 description)"
segment:analog,FY2026,Fiscal year,Net sales by product line,Analog,1329.0,Reported public data,"Form 10-K FY2026 (period ended 2026-03-31), filed 2026-05-21",0000827054-26-000016,https://www.sec.gov/Archives/edgar/data/827054/000082705426000016/R43.htm,Analog,"Other = FPGA, licensing royalties/IP, engineering services, memory, timing systems, manufacturing services, legacy ASICs, aerospace (10-K Item 1 description)"
segment:analog,FY2025,Fiscal year,Net sales by product line,Analog,1157.0,Reported public data,"Form 10-K FY2026 (period ended 2026-03-31), filed 2026-05-21",0000827054-26-000016,https://www.sec.gov/Archives/edgar/data/827054/000082705426000016/R43.htm,Analog,"Other = FPGA, licensing royalties/IP, engineering services, memory, timing systems, manufacturing services, legacy ASICs, aerospace (10-K Item 1 description)"
segment:analog,FY2024,Fiscal year,Net sales by product line,Analog,2016.4,Reported public data,"Form 10-K FY2026 (period ended 2026-03-31), filed 2026-05-21",0000827054-26-000016,https://www.sec.gov/Archives/edgar/data/827054/000082705426000016/R43.htm,Analog,"Other = FPGA, licensing royalties/IP, engineering services, memory, timing systems, manufacturing services, legacy ASICs, aerospace (10-K Item 1 description)"
segment:other,FY2026,Fiscal year,Net sales by product line,Other,1028.7,Reported public data,"Form 10-K FY2026 (period ended 2026-03-31), filed 2026-05-21",0000827054-26-000016,https://www.sec.gov/Archives/edgar/data/827054/000082705426000016/R43.htm,Other,"Other = FPGA, licensing royalties/IP, engineering services, memory, timing systems, manufacturing services, legacy ASICs, aerospace (10-K Item 1 description)"
segment:other,FY2025,Fiscal year,Net sales by product line,Other,994.9,Reported public data,"Form 10-K FY2026 (period ended 2026-03-31), filed 2026-05-21",0000827054-26-000016,https://www.sec.gov/Archives/edgar/data/827054/000082705426000016/R43.htm,Other,"Other = FPGA, licensing royalties/IP, engineering services, memory, timing systems, manufacturing services, legacy ASICs, aerospace (10-K Item 1 description)"
segment:other,FY2024,Fiscal year,Net sales by product line,Other,1345.6,Reported public data,"Form 10-K FY2026 (period ended 2026-03-31), filed 2026-05-21",0000827054-26-000016,https://www.sec.gov/Archives/edgar/data/827054/000082705426000016/R43.htm,Other,"Other = FPGA, licensing royalties/IP, engineering services, memory, timing systems, manufacturing services, legacy ASICs, aerospace (10-K Item 1 description)"
segment:mixed_signal_microcontrollers,FY2023,Fiscal year,Net sales by product line,Mixed-signal Microcontrollers,4755.7,Reported public data,"Form 10-K FY2024 (period ended 2024-03-31), filed 2024-05-23",0000827054-24-000098,https://www.sec.gov/Archives/edgar/data/827054/000082705424000098/R45.htm,Mixed-signal Microcontrollers,
segment:mixed_signal_microcontrollers,FY2022,Fiscal year,Net sales by product line,Mixed-signal Microcontrollers,3814.8,Reported public data,"Form 10-K FY2024 (period ended 2024-03-31), filed 2024-05-23",0000827054-24-000098,https://www.sec.gov/Archives/edgar/data/827054/000082705424000098/R45.htm,Mixed-signal Microcontrollers,
segment:analog,FY2023,Fiscal year,Net sales by product line,Analog,2376.9,Reported public data,"Form 10-K FY2024 (period ended 2024-03-31), filed 2024-05-23",0000827054-24-000098,https://www.sec.gov/Archives/edgar/data/827054/000082705424000098/R45.htm,Analog,
segment:analog,FY2022,Fiscal year,Net sales by product line,Analog,1939.1,Reported public data,"Form 10-K FY2024 (period ended 2024-03-31), filed 2024-05-23",0000827054-24-000098,https://www.sec.gov/Archives/edgar/data/827054/000082705424000098/R45.htm,Analog,
segment:other,FY2023,Fiscal year,Net sales by product line,Other,1306.1,Reported public data,"Form 10-K FY2024 (period ended 2024-03-31), filed 2024-05-23",0000827054-24-000098,https://www.sec.gov/Archives/edgar/data/827054/000082705424000098/R45.htm,Other,
segment:other,FY2022,Fiscal year,Net sales by product line,Other,1067.0,Reported public data,"Form 10-K FY2024 (period ended 2024-03-31), filed 2024-05-23",0000827054-24-000098,https://www.sec.gov/Archives/edgar/data/827054/000082705424000098/R45.htm,Other,
segment_info:semis_sales,FY2026,Fiscal year,Segment information,Semiconductor products - net sales,4549.3,Reported public data,"Form 10-K FY2026 (period ended 2026-03-31), filed 2026-05-21",0000827054-26-000016,https://www.sec.gov/Archives/edgar/data/827054/000082705426000016/R45.htm,Semiconductor products - net sales,
segment_info:semis_sales,FY2025,Fiscal year,Segment information,Semiconductor products - net sales,4270.5,Reported public data,"Form 10-K FY2026 (period ended 2026-03-31), filed 2026-05-21",0000827054-26-000016,https://www.sec.gov/Archives/edgar/data/827054/000082705426000016/R45.htm,Semiconductor products - net sales,
segment_info:semis_sales,FY2024,Fiscal year,Segment information,Semiconductor products - net sales,7531.1,Reported public data,"Form 10-K FY2026 (period ended 2026-03-31), filed 2026-05-21",0000827054-26-000016,https://www.sec.gov/Archives/edgar/data/827054/000082705426000016/R45.htm,Semiconductor products - net sales,
segment_info:semis_gross_profit,FY2026,Fiscal year,Segment information,Semiconductor products - gross profit,2557.3,Reported public data,"Form 10-K FY2026 (period ended 2026-03-31), filed 2026-05-21",0000827054-26-000016,https://www.sec.gov/Archives/edgar/data/827054/000082705426000016/R45.htm,Semiconductor products - gross profit,
segment_info:semis_gross_profit,FY2025,Fiscal year,Segment information,Semiconductor products - gross profit,2336.8,Reported public data,"Form 10-K FY2026 (period ended 2026-03-31), filed 2026-05-21",0000827054-26-000016,https://www.sec.gov/Archives/edgar/data/827054/000082705426000016/R45.htm,Semiconductor products - gross profit,
segment_info:semis_gross_profit,FY2024,Fiscal year,Segment information,Semiconductor products - gross profit,4892.4,Reported public data,"Form 10-K FY2026 (period ended 2026-03-31), filed 2026-05-21",0000827054-26-000016,https://www.sec.gov/Archives/edgar/data/827054/000082705426000016/R45.htm,Semiconductor products - gross profit,
segment_info:licensing_sales,FY2026,Fiscal year,Segment information,Technology licensing - net sales,163.8,Reported public data,"Form 10-K FY2026 (period ended 2026-03-31), filed 2026-05-21",0000827054-26-000016,https://www.sec.gov/Archives/edgar/data/827054/000082705426000016/R45.htm,Technology licensing - net sales,
segment_info:licensing_sales,FY2025,Fiscal year,Segment information,Technology licensing - net sales,131.1,Reported public data,"Form 10-K FY2026 (period ended 2026-03-31), filed 2026-05-21",0000827054-26-000016,https://www.sec.gov/Archives/edgar/data/827054/000082705426000016/R45.htm,Technology licensing - net sales,
segment_info:licensing_sales,FY2024,Fiscal year,Segment information,Technology licensing - net sales,103.3,Reported public data,"Form 10-K FY2026 (period ended 2026-03-31), filed 2026-05-21",0000827054-26-000016,https://www.sec.gov/Archives/edgar/data/827054/000082705426000016/R45.htm,Technology licensing - net sales,
net_sales,Q1 FY2027,Fiscal quarter,Income statement,Net sales,1484.7,Reported public data,"Form 10-Q Q1 FY2027 (period ended 2026-06-30), filed 2026-08-06",0000827054-26-000038,https://ir.microchip.com/sec-filings/all-sec-filings/content/0000827054-26-000038/mchp-20260630.htm,Net sales,
segment:mixed_signal_microcontrollers,Q1 FY2027,Fiscal quarter,Net sales by product line,Mixed-signal Microcontrollers,739.1,Reported public data,"Form 10-Q Q1 FY2027 (period ended 2026-06-30), filed 2026-08-06",0000827054-26-000038,https://ir.microchip.com/sec-filings/all-sec-filings/content/0000827054-26-000038/mchp-20260630.htm,Mixed-signal Microcontrollers,
segment:analog,Q1 FY2027,Fiscal quarter,Net sales by product line,Analog,410.9,Reported public data,"Form 10-Q Q1 FY2027 (period ended 2026-06-30), filed 2026-08-06",0000827054-26-000038,https://ir.microchip.com/sec-filings/all-sec-filings/content/0000827054-26-000038/mchp-20260630.htm,Analog,
segment:other,Q1 FY2027,Fiscal quarter,Net sales by product line,Other,334.7,Reported public data,"Form 10-Q Q1 FY2027 (period ended 2026-06-30), filed 2026-08-06",0000827054-26-000038,https://ir.microchip.com/sec-filings/all-sec-filings/content/0000827054-26-000038/mchp-20260630.htm,Other,
net_sales,Q1 FY2026,Fiscal quarter,Income statement,Net sales,1075.5,Reported public data,"Form 10-Q Q1 FY2027 (period ended 2026-06-30), filed 2026-08-06",0000827054-26-000038,https://ir.microchip.com/sec-filings/all-sec-filings/content/0000827054-26-000038/mchp-20260630.htm,Net sales,Prior-year comparative column in Q1 FY2027 10-Q
segment:mixed_signal_microcontrollers,Q1 FY2026,Fiscal quarter,Net sales by product line,Mixed-signal Microcontrollers,532.6,Reported public data,"Form 10-Q Q1 FY2027 (period ended 2026-06-30), filed 2026-08-06",0000827054-26-000038,https://ir.microchip.com/sec-filings/all-sec-filings/content/0000827054-26-000038/mchp-20260630.htm,Mixed-signal Microcontrollers,Prior-year comparative column in Q1 FY2027 10-Q
segment:analog,Q1 FY2026,Fiscal quarter,Net sales by product line,Analog,316.2,Reported public data,"Form 10-Q Q1 FY2027 (period ended 2026-06-30), filed 2026-08-06",0000827054-26-000038,https://ir.microchip.com/sec-filings/all-sec-filings/content/0000827054-26-000038/mchp-20260630.htm,Analog,Prior-year comparative column in Q1 FY2027 10-Q
segment:other,Q1 FY2026,Fiscal quarter,Net sales by product line,Other,226.7,Reported public data,"Form 10-Q Q1 FY2027 (period ended 2026-06-30), filed 2026-08-06",0000827054-26-000038,https://ir.microchip.com/sec-filings/all-sec-filings/content/0000827054-26-000038/mchp-20260630.htm,Other,Prior-year comparative column in Q1 FY2027 10-Q
cf:net_income,FY2026,Fiscal year,Cash flow statement,Net income (loss),230.0,Reported public data,"Form 10-K FY2026 (period ended 2026-03-31), filed 2026-05-21",0000827054-26-000016,https://www.sec.gov/Archives/edgar/data/827054/000082705426000016/R7.htm,Net income (loss),
cf:net_income,FY2025,Fiscal year,Cash flow statement,Net income (loss),-0.5,Reported public data,"Form 10-K FY2026 (period ended 2026-03-31), filed 2026-05-21",0000827054-26-000016,https://www.sec.gov/Archives/edgar/data/827054/000082705426000016/R7.htm,Net income (loss),
cf:net_income,FY2024,Fiscal year,Cash flow statement,Net income (loss),1906.9,Reported public data,"Form 10-K FY2026 (period ended 2026-03-31), filed 2026-05-21",0000827054-26-000016,https://www.sec.gov/Archives/edgar/data/827054/000082705426000016/R7.htm,Net income (loss),
cf:da,FY2026,Fiscal year,Cash flow statement,Depreciation and amortization,689.3,Reported public data,"Form 10-K FY2026 (period ended 2026-03-31), filed 2026-05-21",0000827054-26-000016,https://www.sec.gov/Archives/edgar/data/827054/000082705426000016/R7.htm,Depreciation and amortization,
cf:da,FY2025,Fiscal year,Cash flow statement,Depreciation and amortization,750.1,Reported public data,"Form 10-K FY2026 (period ended 2026-03-31), filed 2026-05-21",0000827054-26-000016,https://www.sec.gov/Archives/edgar/data/827054/000082705426000016/R7.htm,Depreciation and amortization,
cf:da,FY2024,Fiscal year,Cash flow statement,Depreciation and amortization,879.5,Reported public data,"Form 10-K FY2026 (period ended 2026-03-31), filed 2026-05-21",0000827054-26-000016,https://www.sec.gov/Archives/edgar/data/827054/000082705426000016/R7.htm,Depreciation and amortization,
cf:sbc,FY2026,Fiscal year,Cash flow statement,Share-based compensation expense,255.4,Reported public data,"Form 10-K FY2026 (period ended 2026-03-31), filed 2026-05-21",0000827054-26-000016,https://www.sec.gov/Archives/edgar/data/827054/000082705426000016/R7.htm,Share-based compensation expense,
cf:sbc,FY2025,Fiscal year,Cash flow statement,Share-based compensation expense,180.4,Reported public data,"Form 10-K FY2026 (period ended 2026-03-31), filed 2026-05-21",0000827054-26-000016,https://www.sec.gov/Archives/edgar/data/827054/000082705426000016/R7.htm,Share-based compensation expense,
cf:sbc,FY2024,Fiscal year,Cash flow statement,Share-based compensation expense,177.5,Reported public data,"Form 10-K FY2026 (period ended 2026-03-31), filed 2026-05-21",0000827054-26-000016,https://www.sec.gov/Archives/edgar/data/827054/000082705426000016/R7.htm,Share-based compensation expense,
wc:receivables,FY2026,Fiscal year,Cash flow statement,(Increase) decrease in accounts receivable,-204.5,Reported public data,"Form 10-K FY2026 (period ended 2026-03-31), filed 2026-05-21",0000827054-26-000016,https://www.sec.gov/Archives/edgar/data/827054/000082705426000016/R7.htm,(Increase) decrease in accounts receivable,
wc:receivables,FY2025,Fiscal year,Cash flow statement,(Increase) decrease in accounts receivable,454.0,Reported public data,"Form 10-K FY2026 (period ended 2026-03-31), filed 2026-05-21",0000827054-26-000016,https://www.sec.gov/Archives/edgar/data/827054/000082705426000016/R7.htm,(Increase) decrease in accounts receivable,
wc:receivables,FY2024,Fiscal year,Cash flow statement,(Increase) decrease in accounts receivable,161.6,Reported public data,"Form 10-K FY2026 (period ended 2026-03-31), filed 2026-05-21",0000827054-26-000016,https://www.sec.gov/Archives/edgar/data/827054/000082705426000016/R7.htm,(Increase) decrease in accounts receivable,
wc:inventories,FY2026,Fiscal year,Cash flow statement,Decrease (increase) in inventories,264.3,Reported public data,"Form 10-K FY2026 (period ended 2026-03-31), filed 2026-05-21",0000827054-26-000016,https://www.sec.gov/Archives/edgar/data/827054/000082705426000016/R7.htm,Decrease (increase) in inventories,
wc:inventories,FY2025,Fiscal year,Cash flow statement,Decrease (increase) in inventories,31.6,Reported public data,"Form 10-K FY2026 (period ended 2026-03-31), filed 2026-05-21",0000827054-26-000016,https://www.sec.gov/Archives/edgar/data/827054/000082705426000016/R7.htm,Decrease (increase) in inventories,
wc:inventories,FY2024,Fiscal year,Cash flow statement,Decrease (increase) in inventories,12.8,Reported public data,"Form 10-K FY2026 (period ended 2026-03-31), filed 2026-05-21",0000827054-26-000016,https://www.sec.gov/Archives/edgar/data/827054/000082705426000016/R7.htm,Decrease (increase) in inventories,
wc:payables_accrued,FY2026,Fiscal year,Cash flow statement,Increase (decrease) in accounts payable and accrued liabilities,26.0,Reported public data,"Form 10-K FY2026 (period ended 2026-03-31), filed 2026-05-21",0000827054-26-000016,https://www.sec.gov/Archives/edgar/data/827054/000082705426000016/R7.htm,Increase (decrease) in accounts payable and accrued liabilities,
wc:payables_accrued,FY2025,Fiscal year,Cash flow statement,Increase (decrease) in accounts payable and accrued liabilities,-345.6,Reported public data,"Form 10-K FY2026 (period ended 2026-03-31), filed 2026-05-21",0000827054-26-000016,https://www.sec.gov/Archives/edgar/data/827054/000082705426000016/R7.htm,Increase (decrease) in accounts payable and accrued liabilities,
wc:payables_accrued,FY2024,Fiscal year,Cash flow statement,Increase (decrease) in accounts payable and accrued liabilities,-148.4,Reported public data,"Form 10-K FY2026 (period ended 2026-03-31), filed 2026-05-21",0000827054-26-000016,https://www.sec.gov/Archives/edgar/data/827054/000082705426000016/R7.htm,Increase (decrease) in accounts payable and accrued liabilities,
wc:other,FY2026,Fiscal year,Cash flow statement,Change in other assets and liabilities,-105.8,Reported public data,"Form 10-K FY2026 (period ended 2026-03-31), filed 2026-05-21",0000827054-26-000016,https://www.sec.gov/Archives/edgar/data/827054/000082705426000016/R7.htm,Change in other assets and liabilities,
wc:other,FY2025,Fiscal year,Cash flow statement,Change in other assets and liabilities,-38.1,Reported public data,"Form 10-K FY2026 (period ended 2026-03-31), filed 2026-05-21",0000827054-26-000016,https://www.sec.gov/Archives/edgar/data/827054/000082705426000016/R7.htm,Change in other assets and liabilities,
wc:other,FY2024,Fiscal year,Cash flow statement,Change in other assets and liabilities,-64.2,Reported public data,"Form 10-K FY2026 (period ended 2026-03-31), filed 2026-05-21",0000827054-26-000016,https://www.sec.gov/Archives/edgar/data/827054/000082705426000016/R7.htm,Change in other assets and liabilities,
wc:income_tax,FY2026,Fiscal year,Cash flow statement,Change in income tax payable,-147.7,Reported public data,"Form 10-K FY2026 (period ended 2026-03-31), filed 2026-05-21",0000827054-26-000016,https://www.sec.gov/Archives/edgar/data/827054/000082705426000016/R7.htm,Change in income tax payable,
wc:income_tax,FY2025,Fiscal year,Cash flow statement,Change in income tax payable,-1.8,Reported public data,"Form 10-K FY2026 (period ended 2026-03-31), filed 2026-05-21",0000827054-26-000016,https://www.sec.gov/Archives/edgar/data/827054/000082705426000016/R7.htm,Change in income tax payable,
wc:income_tax,FY2024,Fiscal year,Cash flow statement,Change in income tax payable,-38.5,Reported public data,"Form 10-K FY2026 (period ended 2026-03-31), filed 2026-05-21",0000827054-26-000016,https://www.sec.gov/Archives/edgar/data/827054/000082705426000016/R7.htm,Change in income tax payable,
cf:cfo,FY2026,Fiscal year,Cash flow statement,Net cash provided by operating activities,962.1,Reported public data,"Form 10-K FY2026 (period ended 2026-03-31), filed 2026-05-21",0000827054-26-000016,https://www.sec.gov/Archives/edgar/data/827054/000082705426000016/R7.htm,Net cash provided by operating activities,
cf:cfo,FY2025,Fiscal year,Cash flow statement,Net cash provided by operating activities,898.1,Reported public data,"Form 10-K FY2026 (period ended 2026-03-31), filed 2026-05-21",0000827054-26-000016,https://www.sec.gov/Archives/edgar/data/827054/000082705426000016/R7.htm,Net cash provided by operating activities,
cf:cfo,FY2024,Fiscal year,Cash flow statement,Net cash provided by operating activities,2892.7,Reported public data,"Form 10-K FY2026 (period ended 2026-03-31), filed 2026-05-21",0000827054-26-000016,https://www.sec.gov/Archives/edgar/data/827054/000082705426000016/R7.htm,Net cash provided by operating activities,
cf:capex,FY2026,Fiscal year,Cash flow statement,Capital expenditures,-91.1,Reported public data,"Form 10-K FY2026 (period ended 2026-03-31), filed 2026-05-21",0000827054-26-000016,https://www.sec.gov/Archives/edgar/data/827054/000082705426000016/R7.htm,Capital expenditures,
cf:capex,FY2025,Fiscal year,Cash flow statement,Capital expenditures,-126.0,Reported public data,"Form 10-K FY2026 (period ended 2026-03-31), filed 2026-05-21",0000827054-26-000016,https://www.sec.gov/Archives/edgar/data/827054/000082705426000016/R7.htm,Capital expenditures,
cf:capex,FY2024,Fiscal year,Cash flow statement,Capital expenditures,-285.1,Reported public data,"Form 10-K FY2026 (period ended 2026-03-31), filed 2026-05-21",0000827054-26-000016,https://www.sec.gov/Archives/edgar/data/827054/000082705426000016/R7.htm,Capital expenditures,
cf:cfi,FY2026,Fiscal year,Cash flow statement,Net cash used in investing activities,-195.5,Reported public data,"Form 10-K FY2026 (period ended 2026-03-31), filed 2026-05-21",0000827054-26-000016,https://www.sec.gov/Archives/edgar/data/827054/000082705426000016/R7.htm,Net cash used in investing activities,
cf:cfi,FY2025,Fiscal year,Cash flow statement,Net cash used in investing activities,-287.8,Reported public data,"Form 10-K FY2026 (period ended 2026-03-31), filed 2026-05-21",0000827054-26-000016,https://www.sec.gov/Archives/edgar/data/827054/000082705426000016/R7.htm,Net cash used in investing activities,
cf:cfi,FY2024,Fiscal year,Cash flow statement,Net cash used in investing activities,-392.1,Reported public data,"Form 10-K FY2026 (period ended 2026-03-31), filed 2026-05-21",0000827054-26-000016,https://www.sec.gov/Archives/edgar/data/827054/000082705426000016/R7.htm,Net cash used in investing activities,
cf:cff,FY2026,Fiscal year,Cash flow statement,Net cash used in financing activities,-1298.0,Reported public data,"Form 10-K FY2026 (period ended 2026-03-31), filed 2026-05-21",0000827054-26-000016,https://www.sec.gov/Archives/edgar/data/827054/000082705426000016/R7.htm,Net cash used in financing activities,
cf:cff,FY2025,Fiscal year,Cash flow statement,Net cash used in financing activities,-158.3,Reported public data,"Form 10-K FY2026 (period ended 2026-03-31), filed 2026-05-21",0000827054-26-000016,https://www.sec.gov/Archives/edgar/data/827054/000082705426000016/R7.htm,Net cash used in financing activities,
cf:cff,FY2024,Fiscal year,Cash flow statement,Net cash used in financing activities,-2414.9,Reported public data,"Form 10-K FY2026 (period ended 2026-03-31), filed 2026-05-21",0000827054-26-000016,https://www.sec.gov/Archives/edgar/data/827054/000082705426000016/R7.htm,Net cash used in financing activities,
cf:dividends,FY2026,Fiscal year,Cash flow statement,Payment of cash dividends on common stock,-984.0,Reported public data,"Form 10-K FY2026 (period ended 2026-03-31), filed 2026-05-21",0000827054-26-000016,https://www.sec.gov/Archives/edgar/data/827054/000082705426000016/R7.htm,Payment of cash dividends on common stock,
cf:dividends,FY2025,Fiscal year,Cash flow statement,Payment of cash dividends on common stock,-975.7,Reported public data,"Form 10-K FY2026 (period ended 2026-03-31), filed 2026-05-21",0000827054-26-000016,https://www.sec.gov/Archives/edgar/data/827054/000082705426000016/R7.htm,Payment of cash dividends on common stock,
cf:dividends,FY2024,Fiscal year,Cash flow statement,Payment of cash dividends on common stock,-911.5,Reported public data,"Form 10-K FY2026 (period ended 2026-03-31), filed 2026-05-21",0000827054-26-000016,https://www.sec.gov/Archives/edgar/data/827054/000082705426000016/R7.htm,Payment of cash dividends on common stock,
cf:cash_end,FY2026,Fiscal year,Cash flow statement,"Cash and cash equivalents, end of period",240.3,Reported public data,"Form 10-K FY2026 (period ended 2026-03-31), filed 2026-05-21",0000827054-26-000016,https://www.sec.gov/Archives/edgar/data/827054/000082705426000016/R7.htm,"Cash and cash equivalents, end of period",
cf:cash_end,FY2025,Fiscal year,Cash flow statement,"Cash and cash equivalents, end of period",771.7,Reported public data,"Form 10-K FY2026 (period ended 2026-03-31), filed 2026-05-21",0000827054-26-000016,https://www.sec.gov/Archives/edgar/data/827054/000082705426000016/R7.htm,"Cash and cash equivalents, end of period",
cf:cash_end,FY2024,Fiscal year,Cash flow statement,"Cash and cash equivalents, end of period",319.7,Reported public data,"Form 10-K FY2026 (period ended 2026-03-31), filed 2026-05-21",0000827054-26-000016,https://www.sec.gov/Archives/edgar/data/827054/000082705426000016/R7.htm,"Cash and cash equivalents, end of period",
cf:net_income,FY2023,Fiscal year,Cash flow statement,Net income (loss),2237.7,Reported public data,"Form 10-K FY2024 (period ended 2024-03-31), filed 2024-05-23",0000827054-24-000098,https://www.sec.gov/Archives/edgar/data/827054/000082705424000098/R7.htm,Net income (loss),
cf:net_income,FY2022,Fiscal year,Cash flow statement,Net income (loss),1285.5,Reported public data,"Form 10-K FY2024 (period ended 2024-03-31), filed 2024-05-23",0000827054-24-000098,https://www.sec.gov/Archives/edgar/data/827054/000082705424000098/R7.htm,Net income (loss),
cf:da,FY2023,Fiscal year,Cash flow statement,Depreciation and amortization,998.4,Reported public data,"Form 10-K FY2024 (period ended 2024-03-31), filed 2024-05-23",0000827054-24-000098,https://www.sec.gov/Archives/edgar/data/827054/000082705424000098/R7.htm,Depreciation and amortization,
cf:da,FY2022,Fiscal year,Cash flow statement,Depreciation and amortization,1143.5,Reported public data,"Form 10-K FY2024 (period ended 2024-03-31), filed 2024-05-23",0000827054-24-000098,https://www.sec.gov/Archives/edgar/data/827054/000082705424000098/R7.htm,Depreciation and amortization,
cf:sbc,FY2023,Fiscal year,Cash flow statement,Share-based compensation expense,170.4,Reported public data,"Form 10-K FY2024 (period ended 2024-03-31), filed 2024-05-23",0000827054-24-000098,https://www.sec.gov/Archives/edgar/data/827054/000082705424000098/R7.htm,Share-based compensation expense,
cf:sbc,FY2022,Fiscal year,Cash flow statement,Share-based compensation expense,210.2,Reported public data,"Form 10-K FY2024 (period ended 2024-03-31), filed 2024-05-23",0000827054-24-000098,https://www.sec.gov/Archives/edgar/data/827054/000082705424000098/R7.htm,Share-based compensation expense,
wc:receivables,FY2023,Fiscal year,Cash flow statement,(Increase) decrease in accounts receivable,-232.7,Reported public data,"Form 10-K FY2024 (period ended 2024-03-31), filed 2024-05-23",0000827054-24-000098,https://www.sec.gov/Archives/edgar/data/827054/000082705424000098/R7.htm,(Increase) decrease in accounts receivable,
wc:receivables,FY2022,Fiscal year,Cash flow statement,(Increase) decrease in accounts receivable,-74.9,Reported public data,"Form 10-K FY2024 (period ended 2024-03-31), filed 2024-05-23",0000827054-24-000098,https://www.sec.gov/Archives/edgar/data/827054/000082705424000098/R7.htm,(Increase) decrease in accounts receivable,
wc:inventories,FY2023,Fiscal year,Cash flow statement,Decrease (increase) in inventories,-483.2,Reported public data,"Form 10-K FY2024 (period ended 2024-03-31), filed 2024-05-23",0000827054-24-000098,https://www.sec.gov/Archives/edgar/data/827054/000082705424000098/R7.htm,Decrease (increase) in inventories,
wc:inventories,FY2022,Fiscal year,Cash flow statement,Decrease (increase) in inventories,-177.8,Reported public data,"Form 10-K FY2024 (period ended 2024-03-31), filed 2024-05-23",0000827054-24-000098,https://www.sec.gov/Archives/edgar/data/827054/000082705424000098/R7.htm,Decrease (increase) in inventories,
wc:payables_accrued,FY2023,Fiscal year,Cash flow statement,Increase (decrease) in accounts payable and accrued liabilities,323.4,Reported public data,"Form 10-K FY2024 (period ended 2024-03-31), filed 2024-05-23",0000827054-24-000098,https://www.sec.gov/Archives/edgar/data/827054/000082705424000098/R7.htm,Increase (decrease) in accounts payable and accrued liabilities,
wc:payables_accrued,FY2022,Fiscal year,Cash flow statement,Increase (decrease) in accounts payable and accrued liabilities,192.7,Reported public data,"Form 10-K FY2024 (period ended 2024-03-31), filed 2024-05-23",0000827054-24-000098,https://www.sec.gov/Archives/edgar/data/827054/000082705424000098/R7.htm,Increase (decrease) in accounts payable and accrued liabilities,
wc:other,FY2023,Fiscal year,Cash flow statement,Change in other assets and liabilities,404.5,Reported public data,"Form 10-K FY2024 (period ended 2024-03-31), filed 2024-05-23",0000827054-24-000098,https://www.sec.gov/Archives/edgar/data/827054/000082705424000098/R7.htm,Change in other assets and liabilities,
wc:other,FY2022,Fiscal year,Cash flow statement,Change in other assets and liabilities,79.4,Reported public data,"Form 10-K FY2024 (period ended 2024-03-31), filed 2024-05-23",0000827054-24-000098,https://www.sec.gov/Archives/edgar/data/827054/000082705424000098/R7.htm,Change in other assets and liabilities,
wc:income_tax,FY2023,Fiscal year,Cash flow statement,Change in income tax payable,-28.0,Reported public data,"Form 10-K FY2024 (period ended 2024-03-31), filed 2024-05-23",0000827054-24-000098,https://www.sec.gov/Archives/edgar/data/827054/000082705424000098/R7.htm,Change in income tax payable,
wc:income_tax,FY2022,Fiscal year,Cash flow statement,Change in income tax payable,14.8,Reported public data,"Form 10-K FY2024 (period ended 2024-03-31), filed 2024-05-23",0000827054-24-000098,https://www.sec.gov/Archives/edgar/data/827054/000082705424000098/R7.htm,Change in income tax payable,
cf:cfo,FY2023,Fiscal year,Cash flow statement,Net cash provided by operating activities,3621.0,Reported public data,"Form 10-K FY2024 (period ended 2024-03-31), filed 2024-05-23",0000827054-24-000098,https://www.sec.gov/Archives/edgar/data/827054/000082705424000098/R7.htm,Net cash provided by operating activities,
cf:cfo,FY2022,Fiscal year,Cash flow statement,Net cash provided by operating activities,2842.7,Reported public data,"Form 10-K FY2024 (period ended 2024-03-31), filed 2024-05-23",0000827054-24-000098,https://www.sec.gov/Archives/edgar/data/827054/000082705424000098/R7.htm,Net cash provided by operating activities,
cf:capex,FY2023,Fiscal year,Cash flow statement,Capital expenditures,-486.2,Reported public data,"Form 10-K FY2024 (period ended 2024-03-31), filed 2024-05-23",0000827054-24-000098,https://www.sec.gov/Archives/edgar/data/827054/000082705424000098/R7.htm,Capital expenditures,
cf:capex,FY2022,Fiscal year,Cash flow statement,Capital expenditures,-370.1,Reported public data,"Form 10-K FY2024 (period ended 2024-03-31), filed 2024-05-23",0000827054-24-000098,https://www.sec.gov/Archives/edgar/data/827054/000082705424000098/R7.htm,Capital expenditures,
cf:cfi,FY2023,Fiscal year,Cash flow statement,Net cash used in investing activities,-599.5,Reported public data,"Form 10-K FY2024 (period ended 2024-03-31), filed 2024-05-23",0000827054-24-000098,https://www.sec.gov/Archives/edgar/data/827054/000082705424000098/R7.htm,Net cash used in investing activities,
cf:cfi,FY2022,Fiscal year,Cash flow statement,Net cash used in investing activities,-477.7,Reported public data,"Form 10-K FY2024 (period ended 2024-03-31), filed 2024-05-23",0000827054-24-000098,https://www.sec.gov/Archives/edgar/data/827054/000082705424000098/R7.htm,Net cash used in investing activities,
cf:cff,FY2023,Fiscal year,Cash flow statement,Net cash used in financing activities,-3104.9,Reported public data,"Form 10-K FY2024 (period ended 2024-03-31), filed 2024-05-23",0000827054-24-000098,https://www.sec.gov/Archives/edgar/data/827054/000082705424000098/R7.htm,Net cash used in financing activities,
cf:cff,FY2022,Fiscal year,Cash flow statement,Net cash used in financing activities,-2327.6,Reported public data,"Form 10-K FY2024 (period ended 2024-03-31), filed 2024-05-23",0000827054-24-000098,https://www.sec.gov/Archives/edgar/data/827054/000082705424000098/R7.htm,Net cash used in financing activities,
cf:dividends,FY2023,Fiscal year,Cash flow statement,Payment of cash dividends on common stock,-695.3,Reported public data,"Form 10-K FY2024 (period ended 2024-03-31), filed 2024-05-23",0000827054-24-000098,https://www.sec.gov/Archives/edgar/data/827054/000082705424000098/R7.htm,Payment of cash dividends on common stock,FY2022/FY2023 dividends line printed as 'Payment of cash dividends' (no preferred stock then)
cf:dividends,FY2022,Fiscal year,Cash flow statement,Payment of cash dividends on common stock,-503.8,Reported public data,"Form 10-K FY2024 (period ended 2024-03-31), filed 2024-05-23",0000827054-24-000098,https://www.sec.gov/Archives/edgar/data/827054/000082705424000098/R7.htm,Payment of cash dividends on common stock,FY2022/FY2023 dividends line printed as 'Payment of cash dividends' (no preferred stock then)
cf:cash_end,FY2023,Fiscal year,Cash flow statement,"Cash and cash equivalents, end of period",234.0,Reported public data,"Form 10-K FY2024 (period ended 2024-03-31), filed 2024-05-23",0000827054-24-000098,https://www.sec.gov/Archives/edgar/data/827054/000082705424000098/R7.htm,"Cash and cash equivalents, end of period",
cf:cash_end,FY2022,Fiscal year,Cash flow statement,"Cash and cash equivalents, end of period",317.4,Reported public data,"Form 10-K FY2024 (period ended 2024-03-31), filed 2024-05-23",0000827054-24-000098,https://www.sec.gov/Archives/edgar/data/827054/000082705424000098/R7.htm,"Cash and cash equivalents, end of period",
bs:cash,FY2026,Period-end balance,Balance sheet,Cash and cash equivalents,240.3,Reported public data,"Form 10-K FY2026 (period ended 2026-03-31), filed 2026-05-21",0000827054-26-000016,https://www.sec.gov/Archives/edgar/data/827054/000082705426000016/R3.htm,Cash and cash equivalents,
bs:cash,FY2025,Period-end balance,Balance sheet,Cash and cash equivalents,771.7,Reported public data,"Form 10-K FY2026 (period ended 2026-03-31), filed 2026-05-21",0000827054-26-000016,https://www.sec.gov/Archives/edgar/data/827054/000082705426000016/R3.htm,Cash and cash equivalents,
bs:cash,FY2024,Period-end balance,Balance sheet,Cash and cash equivalents,319.7,Reported public data,"Form 10-K FY2024 (period ended 2024-03-31), filed 2024-05-23",0000827054-24-000098,https://www.sec.gov/Archives/edgar/data/827054/000082705424000098/R3.htm,Cash and cash equivalents,
bs:cash,FY2023,Period-end balance,Balance sheet,Cash and cash equivalents,234.0,Reported public data,"Form 10-K FY2024 (period ended 2024-03-31), filed 2024-05-23",0000827054-24-000098,https://www.sec.gov/Archives/edgar/data/827054/000082705424000098/R3.htm,Cash and cash equivalents,
bs:cash,FY2022,Period-end balance,Balance sheet,Cash and cash equivalents,317.4,Reported public data,Form 10-K FY2023 (period ended 2023-03-31),0000827054-23-000080,https://www.sec.gov/Archives/edgar/data/827054/000082705423000080/R3.htm,Cash and cash equivalents,
bs:receivables,FY2026,Period-end balance,Balance sheet,"Accounts receivable, net",894.7,Reported public data,"Form 10-K FY2026 (period ended 2026-03-31), filed 2026-05-21",0000827054-26-000016,https://www.sec.gov/Archives/edgar/data/827054/000082705426000016/R3.htm,"Accounts receivable, net",
bs:receivables,FY2025,Period-end balance,Balance sheet,"Accounts receivable, net",689.7,Reported public data,"Form 10-K FY2026 (period ended 2026-03-31), filed 2026-05-21",0000827054-26-000016,https://www.sec.gov/Archives/edgar/data/827054/000082705426000016/R3.htm,"Accounts receivable, net",
bs:receivables,FY2024,Period-end balance,Balance sheet,"Accounts receivable, net",1143.7,Reported public data,"Form 10-K FY2024 (period ended 2024-03-31), filed 2024-05-23",0000827054-24-000098,https://www.sec.gov/Archives/edgar/data/827054/000082705424000098/R3.htm,"Accounts receivable, net",
bs:receivables,FY2023,Period-end balance,Balance sheet,"Accounts receivable, net",1305.3,Reported public data,"Form 10-K FY2024 (period ended 2024-03-31), filed 2024-05-23",0000827054-24-000098,https://www.sec.gov/Archives/edgar/data/827054/000082705424000098/R3.htm,"Accounts receivable, net",
bs:receivables,FY2022,Period-end balance,Balance sheet,"Accounts receivable, net",1072.6,Reported public data,Form 10-K FY2023 (period ended 2023-03-31),0000827054-23-000080,https://www.sec.gov/Archives/edgar/data/827054/000082705423000080/R3.htm,"Accounts receivable, net",
bs:inventories,FY2026,Period-end balance,Balance sheet,Inventories,1035.4,Reported public data,"Form 10-K FY2026 (period ended 2026-03-31), filed 2026-05-21",0000827054-26-000016,https://www.sec.gov/Archives/edgar/data/827054/000082705426000016/R3.htm,Inventories,
bs:inventories,FY2025,Period-end balance,Balance sheet,Inventories,1293.5,Reported public data,"Form 10-K FY2026 (period ended 2026-03-31), filed 2026-05-21",0000827054-26-000016,https://www.sec.gov/Archives/edgar/data/827054/000082705426000016/R3.htm,Inventories,
bs:inventories,FY2024,Period-end balance,Balance sheet,Inventories,1316.0,Reported public data,"Form 10-K FY2024 (period ended 2024-03-31), filed 2024-05-23",0000827054-24-000098,https://www.sec.gov/Archives/edgar/data/827054/000082705424000098/R3.htm,Inventories,
bs:inventories,FY2023,Period-end balance,Balance sheet,Inventories,1324.9,Reported public data,"Form 10-K FY2024 (period ended 2024-03-31), filed 2024-05-23",0000827054-24-000098,https://www.sec.gov/Archives/edgar/data/827054/000082705424000098/R3.htm,Inventories,
bs:inventories,FY2022,Period-end balance,Balance sheet,Inventories,854.4,Reported public data,Form 10-K FY2023 (period ended 2023-03-31),0000827054-23-000080,https://www.sec.gov/Archives/edgar/data/827054/000082705423000080/R3.htm,Inventories,
bs:other_current_assets,FY2026,Period-end balance,Balance sheet,Other current assets,207.2,Reported public data,"Form 10-K FY2026 (period ended 2026-03-31), filed 2026-05-21",0000827054-26-000016,https://www.sec.gov/Archives/edgar/data/827054/000082705426000016/R3.htm,Other current assets,
bs:other_current_assets,FY2025,Period-end balance,Balance sheet,Other current assets,236.4,Reported public data,"Form 10-K FY2026 (period ended 2026-03-31), filed 2026-05-21",0000827054-26-000016,https://www.sec.gov/Archives/edgar/data/827054/000082705426000016/R3.htm,Other current assets,
bs:other_current_assets,FY2024,Period-end balance,Balance sheet,Other current assets,233.6,Reported public data,"Form 10-K FY2024 (period ended 2024-03-31), filed 2024-05-23",0000827054-24-000098,https://www.sec.gov/Archives/edgar/data/827054/000082705424000098/R3.htm,Other current assets,
bs:other_current_assets,FY2023,Period-end balance,Balance sheet,Other current assets,205.1,Reported public data,"Form 10-K FY2024 (period ended 2024-03-31), filed 2024-05-23",0000827054-24-000098,https://www.sec.gov/Archives/edgar/data/827054/000082705424000098/R3.htm,Other current assets,
bs:other_current_assets,FY2022,Period-end balance,Balance sheet,Other current assets,206.2,Reported public data,Form 10-K FY2023 (period ended 2023-03-31),0000827054-23-000080,https://www.sec.gov/Archives/edgar/data/827054/000082705423000080/R3.htm,Other current assets,
bs:total_current_assets,FY2026,Period-end balance,Balance sheet,Total current assets,2377.6,Reported public data,"Form 10-K FY2026 (period ended 2026-03-31), filed 2026-05-21",0000827054-26-000016,https://www.sec.gov/Archives/edgar/data/827054/000082705426000016/R3.htm,Total current assets,
bs:total_current_assets,FY2025,Period-end balance,Balance sheet,Total current assets,2991.3,Reported public data,"Form 10-K FY2026 (period ended 2026-03-31), filed 2026-05-21",0000827054-26-000016,https://www.sec.gov/Archives/edgar/data/827054/000082705426000016/R3.htm,Total current assets,
bs:total_current_assets,FY2024,Period-end balance,Balance sheet,Total current assets,3013.0,Reported public data,"Form 10-K FY2024 (period ended 2024-03-31), filed 2024-05-23",0000827054-24-000098,https://www.sec.gov/Archives/edgar/data/827054/000082705424000098/R3.htm,Total current assets,
bs:total_current_assets,FY2023,Period-end balance,Balance sheet,Total current assets,3069.3,Reported public data,"Form 10-K FY2024 (period ended 2024-03-31), filed 2024-05-23",0000827054-24-000098,https://www.sec.gov/Archives/edgar/data/827054/000082705424000098/R3.htm,Total current assets,
bs:total_current_assets,FY2022,Period-end balance,Balance sheet,Total current assets,2452.6,Reported public data,Form 10-K FY2023 (period ended 2023-03-31),0000827054-23-000080,https://www.sec.gov/Archives/edgar/data/827054/000082705423000080/R3.htm,Total current assets,
bs:ppe,FY2026,Period-end balance,Balance sheet,"Property, plant and equipment, net",1106.7,Reported public data,"Form 10-K FY2026 (period ended 2026-03-31), filed 2026-05-21",0000827054-26-000016,https://www.sec.gov/Archives/edgar/data/827054/000082705426000016/R3.htm,"Property, plant and equipment, net",
bs:ppe,FY2025,Period-end balance,Balance sheet,"Property, plant and equipment, net",1183.7,Reported public data,"Form 10-K FY2026 (period ended 2026-03-31), filed 2026-05-21",0000827054-26-000016,https://www.sec.gov/Archives/edgar/data/827054/000082705426000016/R3.htm,"Property, plant and equipment, net",
bs:ppe,FY2024,Period-end balance,Balance sheet,"Property, plant and equipment, net",1194.6,Reported public data,"Form 10-K FY2024 (period ended 2024-03-31), filed 2024-05-23",0000827054-24-000098,https://www.sec.gov/Archives/edgar/data/827054/000082705424000098/R3.htm,"Property, plant and equipment, net",
bs:ppe,FY2023,Period-end balance,Balance sheet,"Property, plant and equipment, net",1177.9,Reported public data,"Form 10-K FY2024 (period ended 2024-03-31), filed 2024-05-23",0000827054-24-000098,https://www.sec.gov/Archives/edgar/data/827054/000082705424000098/R3.htm,"Property, plant and equipment, net",
bs:ppe,FY2022,Period-end balance,Balance sheet,"Property, plant and equipment, net",967.9,Reported public data,Form 10-K FY2023 (period ended 2023-03-31),0000827054-23-000080,https://www.sec.gov/Archives/edgar/data/827054/000082705423000080/R3.htm,"Property, plant and equipment, net",
bs:total_assets,FY2026,Period-end balance,Balance sheet,Total assets,14370.1,Reported public data,"Form 10-K FY2026 (period ended 2026-03-31), filed 2026-05-21",0000827054-26-000016,https://www.sec.gov/Archives/edgar/data/827054/000082705426000016/R3.htm,Total assets,
bs:total_assets,FY2025,Period-end balance,Balance sheet,Total assets,15374.6,Reported public data,"Form 10-K FY2026 (period ended 2026-03-31), filed 2026-05-21",0000827054-26-000016,https://www.sec.gov/Archives/edgar/data/827054/000082705426000016/R3.htm,Total assets,
bs:total_assets,FY2024,Period-end balance,Balance sheet,Total assets,15873.2,Reported public data,"Form 10-K FY2024 (period ended 2024-03-31), filed 2024-05-23",0000827054-24-000098,https://www.sec.gov/Archives/edgar/data/827054/000082705424000098/R3.htm,Total assets,
bs:total_assets,FY2023,Period-end balance,Balance sheet,Total assets,16370.3,Reported public data,"Form 10-K FY2024 (period ended 2024-03-31), filed 2024-05-23",0000827054-24-000098,https://www.sec.gov/Archives/edgar/data/827054/000082705424000098/R3.htm,Total assets,
bs:total_assets,FY2022,Period-end balance,Balance sheet,Total assets,16199.5,Reported public data,Form 10-K FY2023 (period ended 2023-03-31),0000827054-23-000080,https://www.sec.gov/Archives/edgar/data/827054/000082705423000080/R3.htm,Total assets,
bs:payables,FY2026,Period-end balance,Balance sheet,Accounts payable,205.6,Reported public data,"Form 10-K FY2026 (period ended 2026-03-31), filed 2026-05-21",0000827054-26-000016,https://www.sec.gov/Archives/edgar/data/827054/000082705426000016/R3.htm,Accounts payable,
bs:payables,FY2025,Period-end balance,Balance sheet,Accounts payable,160.6,Reported public data,"Form 10-K FY2026 (period ended 2026-03-31), filed 2026-05-21",0000827054-26-000016,https://www.sec.gov/Archives/edgar/data/827054/000082705426000016/R3.htm,Accounts payable,
bs:payables,FY2024,Period-end balance,Balance sheet,Accounts payable,213.0,Reported public data,"Form 10-K FY2024 (period ended 2024-03-31), filed 2024-05-23",0000827054-24-000098,https://www.sec.gov/Archives/edgar/data/827054/000082705424000098/R3.htm,Accounts payable,
bs:payables,FY2023,Period-end balance,Balance sheet,Accounts payable,396.9,Reported public data,"Form 10-K FY2024 (period ended 2024-03-31), filed 2024-05-23",0000827054-24-000098,https://www.sec.gov/Archives/edgar/data/827054/000082705424000098/R3.htm,Accounts payable,
bs:payables,FY2022,Period-end balance,Balance sheet,Accounts payable,344.7,Reported public data,Form 10-K FY2023 (period ended 2023-03-31),0000827054-23-000080,https://www.sec.gov/Archives/edgar/data/827054/000082705423000080/R3.htm,Accounts payable,
bs:accrued,FY2026,Period-end balance,Balance sheet,Accrued liabilities,930.7,Reported public data,"Form 10-K FY2026 (period ended 2026-03-31), filed 2026-05-21",0000827054-26-000016,https://www.sec.gov/Archives/edgar/data/827054/000082705426000016/R3.htm,Accrued liabilities,
bs:accrued,FY2025,Period-end balance,Balance sheet,Accrued liabilities,994.5,Reported public data,"Form 10-K FY2026 (period ended 2026-03-31), filed 2026-05-21",0000827054-26-000016,https://www.sec.gov/Archives/edgar/data/827054/000082705426000016/R3.htm,Accrued liabilities,
bs:accrued,FY2024,Period-end balance,Balance sheet,Accrued liabilities,1307.0,Reported public data,"Form 10-K FY2024 (period ended 2024-03-31), filed 2024-05-23",0000827054-24-000098,https://www.sec.gov/Archives/edgar/data/827054/000082705424000098/R3.htm,Accrued liabilities,
bs:accrued,FY2023,Period-end balance,Balance sheet,Accrued liabilities,1323.5,Reported public data,"Form 10-K FY2024 (period ended 2024-03-31), filed 2024-05-23",0000827054-24-000098,https://www.sec.gov/Archives/edgar/data/827054/000082705424000098/R3.htm,Accrued liabilities,
bs:accrued,FY2022,Period-end balance,Balance sheet,Accrued liabilities,1054.3,Reported public data,Form 10-K FY2023 (period ended 2023-03-31),0000827054-23-000080,https://www.sec.gov/Archives/edgar/data/827054/000082705423000080/R3.htm,Accrued liabilities,
bs:current_debt,FY2024,Period-end balance,Balance sheet,Current portion of long-term debt,999.4,Reported public data,"Form 10-K FY2024 (period ended 2024-03-31), filed 2024-05-23",0000827054-24-000098,https://www.sec.gov/Archives/edgar/data/827054/000082705424000098/R3.htm,Current portion of long-term debt,
bs:current_debt,FY2023,Period-end balance,Balance sheet,Current portion of long-term debt,1398.2,Reported public data,"Form 10-K FY2024 (period ended 2024-03-31), filed 2024-05-23",0000827054-24-000098,https://www.sec.gov/Archives/edgar/data/827054/000082705424000098/R3.htm,Current portion of long-term debt,
bs:current_debt,FY2022,Period-end balance,Balance sheet,Current portion of long-term debt,0.0,Reported public data,Form 10-K FY2023 (period ended 2023-03-31),0000827054-23-000080,https://www.sec.gov/Archives/edgar/data/827054/000082705423000080/R3.htm,Current portion of long-term debt,
bs:total_current_liabilities,FY2026,Period-end balance,Balance sheet,Total current liabilities,1136.3,Reported public data,"Form 10-K FY2026 (period ended 2026-03-31), filed 2026-05-21",0000827054-26-000016,https://www.sec.gov/Archives/edgar/data/827054/000082705426000016/R3.htm,Total current liabilities,
bs:total_current_liabilities,FY2025,Period-end balance,Balance sheet,Total current liabilities,1155.1,Reported public data,"Form 10-K FY2026 (period ended 2026-03-31), filed 2026-05-21",0000827054-26-000016,https://www.sec.gov/Archives/edgar/data/827054/000082705426000016/R3.htm,Total current liabilities,
bs:total_current_liabilities,FY2024,Period-end balance,Balance sheet,Total current liabilities,2519.4,Reported public data,"Form 10-K FY2024 (period ended 2024-03-31), filed 2024-05-23",0000827054-24-000098,https://www.sec.gov/Archives/edgar/data/827054/000082705424000098/R3.htm,Total current liabilities,
bs:total_current_liabilities,FY2023,Period-end balance,Balance sheet,Total current liabilities,3118.6,Reported public data,"Form 10-K FY2024 (period ended 2024-03-31), filed 2024-05-23",0000827054-24-000098,https://www.sec.gov/Archives/edgar/data/827054/000082705424000098/R3.htm,Total current liabilities,
bs:total_current_liabilities,FY2022,Period-end balance,Balance sheet,Total current liabilities,1399.0,Reported public data,Form 10-K FY2023 (period ended 2023-03-31),0000827054-23-000080,https://www.sec.gov/Archives/edgar/data/827054/000082705423000080/R3.htm,Total current liabilities,
bs:long_term_debt,FY2026,Period-end balance,Balance sheet,Long-term debt,5496.4,Reported public data,"Form 10-K FY2026 (period ended 2026-03-31), filed 2026-05-21",0000827054-26-000016,https://www.sec.gov/Archives/edgar/data/827054/000082705426000016/R3.htm,Long-term debt,
bs:long_term_debt,FY2025,Period-end balance,Balance sheet,Long-term debt,5630.4,Reported public data,"Form 10-K FY2026 (period ended 2026-03-31), filed 2026-05-21",0000827054-26-000016,https://www.sec.gov/Archives/edgar/data/827054/000082705426000016/R3.htm,Long-term debt,
bs:long_term_debt,FY2024,Period-end balance,Balance sheet,Long-term debt,5000.4,Reported public data,"Form 10-K FY2024 (period ended 2024-03-31), filed 2024-05-23",0000827054-24-000098,https://www.sec.gov/Archives/edgar/data/827054/000082705424000098/R3.htm,Long-term debt,
bs:long_term_debt,FY2023,Period-end balance,Balance sheet,Long-term debt,5041.7,Reported public data,"Form 10-K FY2024 (period ended 2024-03-31), filed 2024-05-23",0000827054-24-000098,https://www.sec.gov/Archives/edgar/data/827054/000082705424000098/R3.htm,Long-term debt,
bs:long_term_debt,FY2022,Period-end balance,Balance sheet,Long-term debt,7687.4,Reported public data,Form 10-K FY2023 (period ended 2023-03-31),0000827054-23-000080,https://www.sec.gov/Archives/edgar/data/827054/000082705423000080/R3.htm,Long-term debt,
bs:equity,FY2026,Period-end balance,Balance sheet,Total stockholders' equity,6432.4,Reported public data,"Form 10-K FY2026 (period ended 2026-03-31), filed 2026-05-21",0000827054-26-000016,https://www.sec.gov/Archives/edgar/data/827054/000082705426000016/R3.htm,Total stockholders' equity,
bs:equity,FY2025,Period-end balance,Balance sheet,Total stockholders' equity,7078.3,Reported public data,"Form 10-K FY2026 (period ended 2026-03-31), filed 2026-05-21",0000827054-26-000016,https://www.sec.gov/Archives/edgar/data/827054/000082705426000016/R3.htm,Total stockholders' equity,
bs:equity,FY2024,Period-end balance,Balance sheet,Total stockholders' equity,6657.8,Reported public data,"Form 10-K FY2024 (period ended 2024-03-31), filed 2024-05-23",0000827054-24-000098,https://www.sec.gov/Archives/edgar/data/827054/000082705424000098/R3.htm,Total stockholders' equity,
bs:equity,FY2023,Period-end balance,Balance sheet,Total stockholders' equity,6513.6,Reported public data,"Form 10-K FY2024 (period ended 2024-03-31), filed 2024-05-23",0000827054-24-000098,https://www.sec.gov/Archives/edgar/data/827054/000082705424000098/R3.htm,Total stockholders' equity,
bs:equity,FY2022,Period-end balance,Balance sheet,Total stockholders' equity,5894.8,Reported public data,Form 10-K FY2023 (period ended 2023-03-31),0000827054-23-000080,https://www.sec.gov/Archives/edgar/data/827054/000082705423000080/R3.htm,Total stockholders' equity,
bs:st_investments,FY2023,Period-end balance,Balance sheet,Short-term investments,0.0,Reported public data,Form 10-K FY2023 (period ended 2023-03-31),0000827054-23-000080,https://www.sec.gov/Archives/edgar/data/827054/000082705423000080/R3.htm,Short-term investments,Not presented as a separate line in the FY2024 and FY2026 10-K balance sheets
bs:st_investments,FY2022,Period-end balance,Balance sheet,Short-term investments,2.0,Reported public data,Form 10-K FY2023 (period ended 2023-03-31),0000827054-23-000080,https://www.sec.gov/Archives/edgar/data/827054/000082705423000080/R3.htm,Short-term investments,Not presented as a separate line in the FY2024 and FY2026 10-K balance sheets
inv:raw_materials,FY2026,Period-end balance,Inventory detail,Raw materials,135.1,Reported public data,"Form 10-K FY2026 (period ended 2026-03-31), filed 2026-05-21",0000827054-26-000016,https://www.sec.gov/Archives/edgar/data/827054/000082705426000016/R68.htm,Raw materials,
inv:raw_materials,FY2025,Period-end balance,Inventory detail,Raw materials,174.8,Reported public data,"Form 10-K FY2026 (period ended 2026-03-31), filed 2026-05-21",0000827054-26-000016,https://www.sec.gov/Archives/edgar/data/827054/000082705426000016/R68.htm,Raw materials,
inv:work_in_process,FY2026,Period-end balance,Inventory detail,Work in process,731.4,Reported public data,"Form 10-K FY2026 (period ended 2026-03-31), filed 2026-05-21",0000827054-26-000016,https://www.sec.gov/Archives/edgar/data/827054/000082705426000016/R68.htm,Work in process,
inv:work_in_process,FY2025,Period-end balance,Inventory detail,Work in process,857.6,Reported public data,"Form 10-K FY2026 (period ended 2026-03-31), filed 2026-05-21",0000827054-26-000016,https://www.sec.gov/Archives/edgar/data/827054/000082705426000016/R68.htm,Work in process,
inv:finished_goods,FY2026,Period-end balance,Inventory detail,Finished goods,168.9,Reported public data,"Form 10-K FY2026 (period ended 2026-03-31), filed 2026-05-21",0000827054-26-000016,https://www.sec.gov/Archives/edgar/data/827054/000082705426000016/R68.htm,Finished goods,
inv:finished_goods,FY2025,Period-end balance,Inventory detail,Finished goods,261.1,Reported public data,"Form 10-K FY2026 (period ended 2026-03-31), filed 2026-05-21",0000827054-26-000016,https://www.sec.gov/Archives/edgar/data/827054/000082705426000016/R68.htm,Finished goods,
fact:own_fab_share,FY2026,Fiscal year,Operating facts (Item 1),Share of sales from products made in own wafer fabs (%),35,Reported public data,"Form 10-K FY2026 (period ended 2026-03-31), filed 2026-05-21",0000827054-26-000016,https://www.sec.gov/Archives/edgar/data/827054/000082705426000016/mchp-20260331.htm,Share of sales from products made in own wafer fabs (%),"Percent, not USD millions. Approximate figures as stated ('approximately')."
fact:foundry_share,FY2026,Fiscal year,Operating facts (Item 1),Share of sales from products made at outside foundries (%),65,Reported public data,"Form 10-K FY2026 (period ended 2026-03-31), filed 2026-05-21",0000827054-26-000016,https://www.sec.gov/Archives/edgar/data/827054/000082705426000016/mchp-20260331.htm,Share of sales from products made at outside foundries (%),"Percent, not USD millions. Approximate figures as stated ('approximately')."
fact:internal_assembly_share,FY2026,Fiscal year,Operating facts (Item 1),Share of assembly performed internally (%),67,Reported public data,"Form 10-K FY2026 (period ended 2026-03-31), filed 2026-05-21",0000827054-26-000016,https://www.sec.gov/Archives/edgar/data/827054/000082705426000016/mchp-20260331.htm,Share of assembly performed internally (%),"Percent, not USD millions. Approximate figures as stated ('approximately')."
fact:internal_test_share,FY2026,Fiscal year,Operating facts (Item 1),Share of test performed internally (%),69,Reported public data,"Form 10-K FY2026 (period ended 2026-03-31), filed 2026-05-21",0000827054-26-000016,https://www.sec.gov/Archives/edgar/data/827054/000082705426000016/mchp-20260331.htm,Share of test performed internally (%),"Percent, not USD millions. Approximate figures as stated ('approximately')."
